israelLawId,publicationCanonicalId,docType,correctionType,correctionNumber,publicationDate,publicationSeries,magazineNumber,pageNumber,pdfUrl,contentLevel,consolidationStatus,authorityLevel,amendmentEventId,chainIndex
2000048,,original_enactment,ישיר,,1960-07-29,ספר החוקים,312,56,https://fs.knesset.gov.il/4/law/4_lsr_208449.PDF,full_text,non_consolidated_publication,primary_official,,0
2000022,,original_enactment,ישיר,,1965-08-01,ספר החוקים,466,288,https://fs.knesset.gov.il/5/law/5_lsr_209761.PDF,full_text,non_consolidated_publication,primary_official,,0
2000072,,original_enactment,ישיר,,1974-12-26,ספר החוקים,753,30,https://fs.knesset.gov.il/8/law/8_lsr_207897.PDF,full_text,non_consolidated_publication,primary_official,,0
2000031,,original_enactment,ישיר,,2010-06-13,ספר החוקים,2242,520,https://fs.knesset.gov.il/18/law/18_lsr_300729.pdf,full_text,non_consolidated_publication,primary_official,,0
2000031,,amendment_law,עקיף,,2010-12-09,ספר החוקים,2264,86,https://fs.knesset.gov.il/18/law/18_lsr_301220.pdf,full_text,non_consolidated_publication,primary_official,knesset:law:2000031:pub:355530,1
2000031,,amendment_law,עקיף,,2021-10-12,ספר החוקים,2929,4,https://fs.knesset.gov.il/24/law/24_lsr_608417.pdf,full_text,non_consolidated_publication,primary_official,knesset:law:2000031:pub:2161465,2
2000031,,amendment_law,עקיף,2,2023-02-09,ספר החוקים,3016,18,https://fs.knesset.gov.il/25/law/25_lsr_1783627.pdf,full_text,non_consolidated_publication,primary_official,knesset:law:2000031:correction:2,3
2000015,,original_enactment,ישיר,,2001-07-24,ספר החוקים,1799,436,https://fs.knesset.gov.il/15/law/15_lsr_300392.pdf,full_text,non_consolidated_publication,primary_official,,0
2000015,,correction,ישיר,,2006-12-28,ספר החוקים,2074,31,https://fs.knesset.gov.il/17/law/17_lsr_300641.pdf,full_text,non_consolidated_publication,primary_official,knesset:law:2000015:pub:178727,1
2000015,,correction,ישיר,,2008-03-27,ספר החוקים,2142,383,https://fs.knesset.gov.il/17/law/17_lsr_300749.pdf,full_text,non_consolidated_publication,primary_official,knesset:law:2000015:pub:247148,2
2000015,,amendment_law,עקיף,3,2023-02-09,ספר החוקים,3016,22,https://fs.knesset.gov.il/25/law/25_lsr_1783627.pdf,full_text,non_consolidated_publication,primary_official,knesset:law:2000015:correction:3,3
2000042,,original_enactment,ישיר,,1984-03-08,ספר החוקים,1110,78,https://fs.knesset.gov.il/10/law/10_lsr_211737.PDF,full_text,non_consolidated_publication,primary_official,,0
2000042,,amendment_law,עקיף,1,1992-02-13,ספר החוקים,1383,72,https://fs.knesset.gov.il/12/law/12_lsr_211794.PDF,full_text,non_consolidated_publication,primary_official,knesset:law:2000042:correction:1,1
2000042,,correction,ישיר,2,2002-08-05,ספר החוקים,1864,598,https://fs.knesset.gov.il/15/law/15_lsr_300551.pdf,full_text,non_consolidated_publication,primary_official,knesset:law:2000042:correction:2,2
2000042,,correction,ישיר,3,2023-07-26,ספר החוקים,3066,548,https://fs.knesset.gov.il/25/law/25_lsr_2997865.pdf,full_text,non_consolidated_publication,primary_official,knesset:law:2000042:correction:3,3
2000042,,correction,ישיר,4,2025-04-01,ספר החוקים,3388,434,https://fs.knesset.gov.il/25/law/25_lsr_6165425.pdf,full_text,non_consolidated_publication,primary_official,knesset:law:2000042:correction:4,4
2000029,,original_enactment,ישיר,,2011-04-06,ספר החוקים,2292,762,https://fs.knesset.gov.il/18/law/18_lsr_300923.pdf,full_text,non_consolidated_publication,primary_official,,0
2000029,,correction,ישיר,1,2013-08-06,ספר החוקים,2406,206,https://fs.knesset.gov.il/19/law/19_lsr_301562.pdf,full_text,non_consolidated_publication,primary_official,knesset:law:2000029:correction:1,1
2000029,,correction,ישיר,,2013-12-10,ספר החוקים,7312,303,,metadata_only,non_consolidated_publication,primary_official,knesset:law:2000029:pub:2138371,2
2000029,,amendment_law,עקיף,2,2015-11-30,ספר החוקים,2510,193,https://fs.knesset.gov.il/20/law/20_lsr_316718.pdf,full_text,non_consolidated_publication,primary_official,knesset:law:2000029:correction:2,3
2000029,,correction,ישיר,3,2020-06-30,ספר החוקים,2814,156,https://fs.knesset.gov.il/23/law/23_lsr_575116.pdf,full_text,non_consolidated_publication,primary_official,knesset:law:2000029:correction:3,4
2000029,,correction,ישיר,4,2021-08-05,ספר החוקים,2924,396,https://fs.knesset.gov.il/24/law/24_lsr_606258.pdf,full_text,non_consolidated_publication,primary_official,knesset:law:2000029:correction:4,5
2000029,,correction,ישיר,5,2023-03-01,ספר החוקים,3028,66,https://fs.knesset.gov.il/25/law/25_lsr_1906347.pdf,full_text,non_consolidated_publication,primary_official,knesset:law:2000029:correction:5,6
2000003,,original_enactment,ישיר,,1959-04-19,ספר החוקים,281,114,https://fs.knesset.gov.il/3/law/3_lsr_311002.PDF,full_text,non_consolidated_publication,primary_official,,0
2000003,,correction,ישיר,,1959-07-30,ספר החוקים,285,148,https://fs.knesset.gov.il/3/law/3_lsr_208028.PDF,full_text,non_consolidated_publication,primary_official,knesset:law:2000003:pub:147014,1
2000003,,correction,ישיר,,1959-07-30,ספר החוקים,285,147,https://fs.knesset.gov.il/3/law/3_lsr_208029.PDF,full_text,non_consolidated_publication,primary_official,knesset:law:2000003:pub:147015,2
2000003,,correction,ישיר,,1961-06-01,ספר החוקים,340,124,https://fs.knesset.gov.il/4/law/4_lsr_208030.PDF,full_text,non_consolidated_publication,primary_official,knesset:law:2000003:pub:147017,3
2000003,,correction,ישיר,,1961-06-14,ספר החוקים,343,141,https://fs.knesset.gov.il/4/law/4_lsr_208031.PDF,full_text,non_consolidated_publication,primary_official,knesset:law:2000003:pub:147018,4
2000003,,correction,ישיר,,1965-07-30,ספר החוקים,465,264,https://fs.knesset.gov.il/5/law/5_lsr_208032.PDF,full_text,non_consolidated_publication,primary_official,knesset:law:2000003:pub:147019,5
2000003,,correction,ישיר,,1965-07-30,ספר החוקים,465,266,https://fs.knesset.gov.il/5/law/5_lsr_208033.PDF,full_text,non_consolidated_publication,primary_official,knesset:law:2000003:pub:147020,6
2000003,,amendment_law,עקיף,,1966-08-11,ספר החוקים,482,71,https://fs.knesset.gov.il/6/law/6_lsr_209237.PDF,full_text,non_consolidated_publication,primary_official,knesset:law:2000003:pub:148275,7
2000003,,correction,ישיר,,1968-11-06,ספר החוקים,544,2,,metadata_only,non_consolidated_publication,primary_official,knesset:law:2000003:pub:147021,8
2000003,,official_gazette_pdf,,,1968-11-28,ספר החוקים,545,14,https://fs.knesset.gov.il/6/law/6_lsr_ec_317266.PDF,full_text,non_consolidated_publication,primary_official,knesset:law:2000003:pub:147021,9
2000003,,correction,ישיר,,1969-04-04,ספר החוקים,555,95,https://fs.knesset.gov.il/6/law/6_lsr_208036.PDF,full_text,non_consolidated_publication,primary_official,knesset:law:2000003:pub:147023,10
2000003,,amendment_law,עקיף,,1969-04-14,ספר החוקים,556,103,https://fs.knesset.gov.il/6/law/6_lsr_311009.PDF,full_text,non_consolidated_publication,primary_official,knesset:law:2000003:pub:2002229,11
